id_evaluacion_competencia,id_competencia,id_matricula_curso,estudiante,competencia,id_valor,id_bimestre
23375,14,3,"ALAYO DEZA, ZOÉ MILAGROS",Gestiona su aprendizaje de manera autónoma,null,3
18006,14,3,"ALAYO DEZA, ZOÉ MILAGROS",Gestiona su aprendizaje de manera autónoma,null,4
18710,19,5,"ALAYO DEZA, ZOÉ MILAGROS",Gestiona su aprendizaje de manera autónoma,null,2
15886,19,5,"ALAYO DEZA, ZOÉ MILAGROS",Gestiona su aprendizaje de manera autónoma,null,3
21304,19,5,"ALAYO DEZA, ZOÉ MILAGROS",Gestiona su aprendizaje de manera autónoma,null,4
13092,19,5,"ALAYO DEZA, ZOÉ MILAGROS",Gestiona su aprendizaje de manera autónoma,null,null
25837,14,3,"ALAYO DEZA, ZOÉ MILAGROS",Gestiona su aprendizaje de manera autónoma,null,2
24615,14,3,"ALAYO DEZA, ZOÉ MILAGROS",Gestiona su aprendizaje de manera autónoma,null,1
19979,19,5,"ALAYO DEZA, ZOÉ MILAGROS",Gestiona su aprendizaje de manera autónoma,null,1
13084,14,3,"ALAYO DEZA, ZOÉ MILAGROS",Gestiona su aprendizaje de manera autónoma,null,null
17573,13,3,"ALAYO DEZA, ZOÉ MILAGROS",Se desenvuelve en los entornos virtuales generados por las TIC,null,3
19672,13,3,"ALAYO DEZA, ZOÉ MILAGROS",Se desenvuelve en los entornos virtuales generados por las TIC,null,2
13083,13,3,"ALAYO DEZA, ZOÉ MILAGROS",Se desenvuelve en los entornos virtuales generados por las TIC,null,null
20196,18,5,"ALAYO DEZA, ZOÉ MILAGROS",Se desenvuelve en los entornos virtuales generados por las TIC,null,1
21572,18,5,"ALAYO DEZA, ZOÉ MILAGROS",Se desenvuelve en los entornos virtuales generados por las TIC,null,4
13091,18,5,"ALAYO DEZA, ZOÉ MILAGROS",Se desenvuelve en los entornos virtuales generados por las TIC,null,null
18387,18,5,"ALAYO DEZA, ZOÉ MILAGROS",Se desenvuelve en los entornos virtuales generados por las TIC,null,2
18935,13,3,"ALAYO DEZA, ZOÉ MILAGROS",Se desenvuelve en los entornos virtuales generados por las TIC,null,1
22949,13,3,"ALAYO DEZA, ZOÉ MILAGROS",Se desenvuelve en los entornos virtuales generados por las TIC,null,4
16374,18,5,"ALAYO DEZA, ZOÉ MILAGROS",Se desenvuelve en los entornos virtuales generados por las TIC,null,3
21123,14,10,"ALAYO RODRIGUEZ, HANS VALENTINO",Gestiona su aprendizaje de manera autónoma,null,2
22830,14,10,"ALAYO RODRIGUEZ, HANS VALENTINO",Gestiona su aprendizaje de manera autónoma,null,1
19085,19,12,"ALAYO RODRIGUEZ, HANS VALENTINO",Gestiona su aprendizaje de manera autónoma,null,2
18905,14,10,"ALAYO RODRIGUEZ, HANS VALENTINO",Gestiona su aprendizaje de manera autónoma,null,4
24221,14,10,"ALAYO RODRIGUEZ, HANS VALENTINO",Gestiona su aprendizaje de manera autónoma,null,3
13119,19,12,"ALAYO RODRIGUEZ, HANS VALENTINO",Gestiona su aprendizaje de manera autónoma,null,null
20884,19,12,"ALAYO RODRIGUEZ, HANS VALENTINO",Gestiona su aprendizaje de manera autónoma,null,1
22226,19,12,"ALAYO RODRIGUEZ, HANS VALENTINO",Gestiona su aprendizaje de manera autónoma,null,4
17010,19,12,"ALAYO RODRIGUEZ, HANS VALENTINO",Gestiona su aprendizaje de manera autónoma,null,3
13111,14,10,"ALAYO RODRIGUEZ, HANS VALENTINO",Gestiona su aprendizaje de manera autónoma,null,null
20647,18,12,"ALAYO RODRIGUEZ, HANS VALENTINO",Se desenvuelve en los entornos virtuales generados por las TIC,null,1
24646,13,10,"ALAYO RODRIGUEZ, HANS VALENTINO",Se desenvuelve en los entornos virtuales generados por las TIC,null,4
13110,13,10,"ALAYO RODRIGUEZ, HANS VALENTINO",Se desenvuelve en los entornos virtuales generados por las TIC,null,null
19352,13,10,"ALAYO RODRIGUEZ, HANS VALENTINO",Se desenvuelve en los entornos virtuales generados por las TIC,null,3
16594,13,10,"ALAYO RODRIGUEZ, HANS VALENTINO",Se desenvuelve en los entornos virtuales generados por las TIC,null,2
18127,13,10,"ALAYO RODRIGUEZ, HANS VALENTINO",Se desenvuelve en los entornos virtuales generados por las TIC,null,1
13118,18,12,"ALAYO RODRIGUEZ, HANS VALENTINO",Se desenvuelve en los entornos virtuales generados por las TIC,null,null
21966,18,12,"ALAYO RODRIGUEZ, HANS VALENTINO",Se desenvuelve en los entornos virtuales generados por las TIC,null,4
19392,18,12,"ALAYO RODRIGUEZ, HANS VALENTINO",Se desenvuelve en los entornos virtuales generados por las TIC,null,2
16560,18,12,"ALAYO RODRIGUEZ, HANS VALENTINO",Se desenvuelve en los entornos virtuales generados por las TIC,null,3
17824,19,26,"CARRANZA LUJAN, SANTIAGO JOSUE FERNANDO",Gestiona su aprendizaje de manera autónoma,null,1
13173,19,26,"CARRANZA LUJAN, SANTIAGO JOSUE FERNANDO",Gestiona su aprendizaje de manera autónoma,null,null
19300,19,26,"CARRANZA LUJAN, SANTIAGO JOSUE FERNANDO",Gestiona su aprendizaje de manera autónoma,null,3
16835,19,26,"CARRANZA LUJAN, SANTIAGO JOSUE FERNANDO",Gestiona su aprendizaje de manera autónoma,null,2
24822,14,24,"CARRANZA LUJAN, SANTIAGO JOSUE FERNANDO",Gestiona su aprendizaje de manera autónoma,null,3
13165,14,24,"CARRANZA LUJAN, SANTIAGO JOSUE FERNANDO",Gestiona su aprendizaje de manera autónoma,null,null
19509,14,24,"CARRANZA LUJAN, SANTIAGO JOSUE FERNANDO",Gestiona su aprendizaje de manera autónoma,null,4
21816,14,24,"CARRANZA LUJAN, SANTIAGO JOSUE FERNANDO",Gestiona su aprendizaje de manera autónoma,null,2
23525,14,24,"CARRANZA LUJAN, SANTIAGO JOSUE FERNANDO",Gestiona su aprendizaje de manera autónoma,null,1
24463,19,26,"CARRANZA LUJAN, SANTIAGO JOSUE FERNANDO",Gestiona su aprendizaje de manera autónoma,null,4
18287,18,26,"CARRANZA LUJAN, SANTIAGO JOSUE FERNANDO",Se desenvuelve en los entornos virtuales generados por las TIC,null,1
17416,13,24,"CARRANZA LUJAN, SANTIAGO JOSUE FERNANDO",Se desenvuelve en los entornos virtuales generados por las TIC,null,1
13172,18,26,"CARRANZA LUJAN, SANTIAGO JOSUE FERNANDO",Se desenvuelve en los entornos virtuales generados por las TIC,null,null
24817,18,26,"CARRANZA LUJAN, SANTIAGO JOSUE FERNANDO",Se desenvuelve en los entornos virtuales generados por las TIC,null,4
19516,18,26,"CARRANZA LUJAN, SANTIAGO JOSUE FERNANDO",Se desenvuelve en los entornos virtuales generados por las TIC,null,3
13164,13,24,"CARRANZA LUJAN, SANTIAGO JOSUE FERNANDO",Se desenvuelve en los entornos virtuales generados por las TIC,null,null
24062,13,24,"CARRANZA LUJAN, SANTIAGO JOSUE FERNANDO",Se desenvuelve en los entornos virtuales generados por las TIC,null,4
16424,18,26,"CARRANZA LUJAN, SANTIAGO JOSUE FERNANDO",Se desenvuelve en los entornos virtuales generados por las TIC,null,2
18694,13,24,"CARRANZA LUJAN, SANTIAGO JOSUE FERNANDO",Se desenvuelve en los entornos virtuales generados por las TIC,null,3
15907,13,24,"CARRANZA LUJAN, SANTIAGO JOSUE FERNANDO",Se desenvuelve en los entornos virtuales generados por las TIC,null,2
13200,19,33,"CHAVEZ POZO, ALESSIA ABIGAIL",Gestiona su aprendizaje de manera autónoma,null,null
24602,19,33,"CHAVEZ POZO, ALESSIA ABIGAIL",Gestiona su aprendizaje de manera autónoma,null,3
21876,19,33,"CHAVEZ POZO, ALESSIA ABIGAIL",Gestiona su aprendizaje de manera autónoma,null,2
23378,19,33,"CHAVEZ POZO, ALESSIA ABIGAIL",Gestiona su aprendizaje de manera autónoma,null,1
19488,19,33,"CHAVEZ POZO, ALESSIA ABIGAIL",Gestiona su aprendizaje de manera autónoma,null,4
13192,14,31,"CHAVEZ POZO, ALESSIA ABIGAIL",Gestiona su aprendizaje de manera autónoma,null,null
16077,14,31,"CHAVEZ POZO, ALESSIA ABIGAIL",Gestiona su aprendizaje de manera autónoma,null,3
21451,14,31,"CHAVEZ POZO, ALESSIA ABIGAIL",Gestiona su aprendizaje de manera autónoma,null,4
20147,14,31,"CHAVEZ POZO, ALESSIA ABIGAIL",Gestiona su aprendizaje de manera autónoma,null,1
18519,14,31,"CHAVEZ POZO, ALESSIA ABIGAIL",Gestiona su aprendizaje de manera autónoma,null,2
22303,13,31,"CHAVEZ POZO, ALESSIA ABIGAIL",Se desenvuelve en los entornos virtuales generados por las TIC,null,3
24349,13,31,"CHAVEZ POZO, ALESSIA ABIGAIL",Se desenvuelve en los entornos virtuales generados por las TIC,null,2
26011,13,31,"CHAVEZ POZO, ALESSIA ABIGAIL",Se desenvuelve en los entornos virtuales generados por las TIC,null,1
16950,13,31,"CHAVEZ POZO, ALESSIA ABIGAIL",Se desenvuelve en los entornos virtuales generados por las TIC,null,4
13199,18,33,"CHAVEZ POZO, ALESSIA ABIGAIL",Se desenvuelve en los entornos virtuales generados por las TIC,null,null
19005,18,33,"CHAVEZ POZO, ALESSIA ABIGAIL",Se desenvuelve en los entornos virtuales generados por las TIC,null,4
24364,18,33,"CHAVEZ POZO, ALESSIA ABIGAIL",Se desenvuelve en los entornos virtuales generados por las TIC,null,3
22314,18,33,"CHAVEZ POZO, ALESSIA ABIGAIL",Se desenvuelve en los entornos virtuales generados por las TIC,null,2
23045,18,33,"CHAVEZ POZO, ALESSIA ABIGAIL",Se desenvuelve en los entornos virtuales generados por las TIC,null,1
13191,13,31,"CHAVEZ POZO, ALESSIA ABIGAIL",Se desenvuelve en los entornos virtuales generados por las TIC,null,null
13227,19,40,"COLMENARES VERA, CARLOS IKER",Gestiona su aprendizaje de manera autónoma,null,null
15782,19,40,"COLMENARES VERA, CARLOS IKER",Gestiona su aprendizaje de manera autónoma,null,4
21042,19,40,"COLMENARES VERA, CARLOS IKER",Gestiona su aprendizaje de manera autónoma,null,3
24139,19,40,"COLMENARES VERA, CARLOS IKER",Gestiona su aprendizaje de manera autónoma,null,2
25047,19,40,"COLMENARES VERA, CARLOS IKER",Gestiona su aprendizaje de manera autónoma,null,1
13219,14,38,"COLMENARES VERA, CARLOS IKER",Gestiona su aprendizaje de manera autónoma,null,null
22307,14,38,"COLMENARES VERA, CARLOS IKER",Gestiona su aprendizaje de manera autónoma,null,4
16948,14,38,"COLMENARES VERA, CARLOS IKER",Gestiona su aprendizaje de manera autónoma,null,3
19012,14,38,"COLMENARES VERA, CARLOS IKER",Gestiona su aprendizaje de manera autónoma,null,2
20944,14,38,"COLMENARES VERA, CARLOS IKER",Gestiona su aprendizaje de manera autónoma,null,1
13226,18,40,"COLMENARES VERA, CARLOS IKER",Se desenvuelve en los entornos virtuales generados por las TIC,null,null
16120,18,40,"COLMENARES VERA, CARLOS IKER",Se desenvuelve en los entornos virtuales generados por las TIC,null,4
21476,18,40,"COLMENARES VERA, CARLOS IKER",Se desenvuelve en los entornos virtuales generados por las TIC,null,3
23869,18,40,"COLMENARES VERA, CARLOS IKER",Se desenvuelve en los entornos virtuales generados por las TIC,null,2
25206,18,40,"COLMENARES VERA, CARLOS IKER",Se desenvuelve en los entornos virtuales generados por las TIC,null,1
13218,13,38,"COLMENARES VERA, CARLOS IKER",Se desenvuelve en los entornos virtuales generados por las TIC,null,null
16079,13,38,"COLMENARES VERA, CARLOS IKER",Se desenvuelve en los entornos virtuales generados por las TIC,null,4
21449,13,38,"COLMENARES VERA, CARLOS IKER",Se desenvuelve en los entornos virtuales generados por las TIC,null,3
23908,13,38,"COLMENARES VERA, CARLOS IKER",Se desenvuelve en los entornos virtuales generados por las TIC,null,2
25250,13,38,"COLMENARES VERA, CARLOS IKER",Se desenvuelve en los entornos virtuales generados por las TIC,null,1